model_name,Machine_34,Machine_72,Machine_43,Machine_67,Machine_79,Machine_29,Machine_1,Machine_56,Machine_89,Machine_15,Machine_58,Machine_28,Machine_97,Machine_57,Machine_29,Machine_15,Machine_73,Machine_68,Machine_44,Machine_21,Machine_93,Machine_26,Machine_9,Machine_30,Machine_64,Machine_67,Machine_24,Machine_92,Machine_57,Machine_10,Machine_46,Machine_48,Machine_92,Machine_96,Machine_20,Machine_48,Machine_39,Machine_32,Machine_33,Machine_83,Machine_35,Machine_63,Machine_19,Machine_53,Machine_52,Machine_73,Machine_77,Machine_56,Machine_75,Machine_14,Machine_88,Machine_93,Machine_76,Machine_42,Machine_23,Machine_50,Machine_72,Machine_9,Machine_57,Machine_44,Machine_60,Machine_94,Machine_36,Machine_22,Machine_2,Machine_9,Machine_57
Pred_Model_1,10/6/2020,10/6/2020,10/6/2020,,10/6/2020,10/6/2020,10/6/2020,10/6/2020,,10/6/2020,10/6/2020,10/6/2020,10/6/2020,10/6/2020,,10/6/2020,10/6/2020,10/6/2020,10/6/2020,,10/6/2020,10/6/2020,10/6/2020,10/6/2020,10/6/2020,10/6/2020,10/6/2020,10/6/2020,10/6/2020,10/6/2020,10/6/2020,10/6/2020,10/6/2020,10/6/2020,10/6/2020,10/6/2020,10/6/2020,10/6/2020,10/6/2020,10/6/2020,10/6/2020,10/6/2020,10/6/2020,10/6/2020,10/6/2020,10/6/2020,10/6/2020,10/6/2020,10/6/2020,10/6/2020,10/6/2020,10/6/2020,10/6/2020,10/6/2020,10/6/2020,10/6/2020,10/6/2020,10/6/2020,10/6/2020,10/6/2020,10/6/2020,10/6/2020,10/6/2020,10/6/2020,10/6/2020,10/6/2020,10/6/2020
Pred_Model_2,10/6/2020,10/6/2020,10/6/2020,10/6/2020,10/6/2020,10/6/2020,10/6/2020,10/6/2020,10/6/2020,10/6/2020,10/6/2020,10/6/2020,10/6/2020,10/6/2020,10/6/2020,10/6/2020,10/6/2020,10/6/2020,10/6/2020,10/6/2020,10/6/2020,10/6/2020,10/6/2020,10/6/2020,10/6/2020,10/6/2020,10/6/2020,10/6/2020,10/6/2020,10/6/2020,10/6/2020,10/6/2020,10/6/2020,10/6/2020,10/6/2020,10/6/2020,10/6/2020,10/6/2020,10/6/2020,10/6/2020,10/6/2020,10/6/2020,10/6/2020,10/6/2020,10/6/2020,10/6/2020,10/6/2020,10/6/2020,10/6/2020,10/6/2020,10/6/2020,10/6/2020,10/6/2020,10/6/2020,10/6/2020,10/6/2020,10/6/2020,10/6/2020,10/6/2020,10/6/2020,10/6/2020,10/6/2020,10/6/2020,10/6/2020,10/6/2020,10/6/2020,10/6/2020
Pred_Model_3,10/6/2020,,,,,10/6/2020,10/6/2020,10/6/2020,,,10/6/2020,10/6/2020,10/6/2020,10/6/2020,10/6/2020,10/6/2020,10/6/2020,10/6/2020,10/6/2020,,,,10/6/2020,10/6/2020,10/6/2020,,,10/6/2020,10/6/2020,10/6/2020,10/6/2020,10/6/2020,10/6/2020,10/6/2020,10/6/2020,10/6/2020,,10/6/2020,,10/6/2020,,10/6/2020,10/6/2020,,10/6/2020,10/6/2020,10/6/2020,,,,10/6/2020,10/6/2020,,,10/6/2020,,10/6/2020,,10/6/2020,10/6/2020,,10/6/2020,10/6/2020,10/6/2020,10/6/2020,10/6/2020,10/6/2020
Pred_Model_4,10/6/2020,10/6/2020,10/6/2020,10/6/2020,10/6/2020,10/6/2020,10/6/2020,10/6/2020,10/6/2020,10/6/2020,10/6/2020,10/6/2020,10/6/2020,10/6/2020,10/6/2020,10/6/2020,10/6/2020,10/6/2020,10/6/2020,10/6/2020,10/6/2020,10/6/2020,10/6/2020,10/6/2020,10/6/2020,10/6/2020,10/6/2020,10/6/2020,10/6/2020,10/6/2020,10/6/2020,10/6/2020,10/6/2020,10/6/2020,10/6/2020,10/6/2020,10/6/2020,10/6/2020,10/6/2020,10/6/2020,10/6/2020,10/6/2020,10/6/2020,10/6/2020,10/6/2020,10/6/2020,10/6/2020,10/6/2020,10/6/2020,10/6/2020,10/6/2020,10/6/2020,10/6/2020,10/6/2020,10/6/2020,10/6/2020,10/6/2020,10/6/2020,10/6/2020,10/6/2020,10/6/2020,10/6/2020,10/6/2020,10/6/2020,10/6/2020,10/6/2020,10/6/2020
Pred_Model_5,10/6/2020,,,,,10/6/2020,10/6/2020,10/6/2020,,,10/6/2020,10/6/2020,10/6/2020,10/6/2020,10/6/2020,10/6/2020,10/6/2020,10/6/2020,10/6/2020,,,,10/6/2020,10/6/2020,10/6/2020,,,10/6/2020,10/6/2020,10/6/2020,10/6/2020,10/6/2020,10/6/2020,10/6/2020,10/6/2020,10/6/2020,,10/6/2020,,10/6/2020,,10/6/2020,10/6/2020,,10/6/2020,10/6/2020,10/6/2020,,,,10/6/2020,10/6/2020,,,10/6/2020,,10/6/2020,,10/6/2020,10/6/2020,,10/6/2020,10/6/2020,10/6/2020,10/6/2020,10/6/2020,10/6/2020
Pred_Model_6,10/6/2020,10/6/2020,10/6/2020,10/6/2020,10/6/2020,10/6/2020,10/6/2020,10/6/2020,10/6/2020,10/6/2020,10/6/2020,10/6/2020,10/6/2020,10/6/2020,10/6/2020,10/6/2020,10/6/2020,10/6/2020,10/6/2020,10/6/2020,10/6/2020,10/6/2020,10/6/2020,10/6/2020,10/6/2020,10/6/2020,10/6/2020,10/6/2020,10/6/2020,10/6/2020,10/6/2020,10/6/2020,10/6/2020,10/6/2020,10/6/2020,10/6/2020,10/6/2020,10/6/2020,10/6/2020,10/6/2020,10/6/2020,10/6/2020,10/6/2020,10/6/2020,10/6/2020,10/6/2020,10/6/2020,10/6/2020,10/6/2020,10/6/2020,10/6/2020,10/6/2020,10/6/2020,10/6/2020,10/6/2020,10/6/2020,10/6/2020,10/6/2020,10/6/2020,10/6/2020,10/6/2020,10/6/2020,10/6/2020,10/6/2020,10/6/2020,10/6/2020,10/6/2020
Pred_Model_7,10/6/2020,10/6/2020,10/6/2020,10/6/2020,10/6/2020,10/6/2020,10/6/2020,10/6/2020,10/6/2020,10/6/2020,10/6/2020,10/6/2020,10/6/2020,10/6/2020,10/6/2020,10/6/2020,10/6/2020,10/6/2020,10/6/2020,10/6/2020,10/6/2020,10/6/2020,10/6/2020,10/6/2020,10/6/2020,10/6/2020,10/6/2020,10/6/2020,10/6/2020,10/6/2020,10/6/2020,10/6/2020,10/6/2020,10/6/2020,10/6/2020,10/6/2020,10/6/2020,10/6/2020,10/6/2020,10/6/2020,10/6/2020,10/6/2020,10/6/2020,10/6/2020,10/6/2020,10/6/2020,10/6/2020,10/6/2020,10/6/2020,10/6/2020,10/6/2020,10/6/2020,10/6/2020,10/6/2020,10/6/2020,10/6/2020,10/6/2020,10/6/2020,10/6/2020,10/6/2020,10/6/2020,10/6/2020,10/6/2020,10/6/2020,10/6/2020,10/6/2020,10/6/2020
Pred_Model_8,10/5/2020,10/5/2020,10/5/2020,10/5/2020,10/5/2020,10/5/2020,10/5/2020,10/5/2020,10/5/2020,10/5/2020,10/5/2020,10/5/2020,10/5/2020,10/5/2020,,10/5/2020,10/5/2020,10/5/2020,10/5/2020,10/5/2020,10/5/2020,10/5/2020,10/5/2020,10/5/2020,10/5/2020,10/5/2020,10/5/2020,10/5/2020,10/5/2020,10/5/2020,10/5/2020,10/5/2020,10/5/2020,10/5/2020,10/5/2020,10/5/2020,10/5/2020,10/5/2020,10/5/2020,10/5/2020,10/5/2020,10/5/2020,10/5/2020,10/5/2020,10/5/2020,10/5/2020,10/5/2020,10/5/2020,10/5/2020,10/5/2020,10/5/2020,10/5/2020,10/5/2020,10/5/2020,10/5/2020,10/5/2020,10/5/2020,10/5/2020,10/5/2020,10/5/2020,10/5/2020,10/5/2020,10/5/2020,10/5/2020,10/5/2020,10/5/2020,10/5/2020
Pred_Model_9,10/6/2020,10/6/2020,10/6/2020,10/6/2020,10/6/2020,10/6/2020,10/6/2020,10/6/2020,10/6/2020,10/6/2020,10/6/2020,10/6/2020,10/6/2020,10/6/2020,10/6/2020,10/6/2020,10/6/2020,10/6/2020,10/6/2020,10/6/2020,10/6/2020,10/6/2020,10/6/2020,10/6/2020,10/6/2020,10/6/2020,10/6/2020,10/6/2020,10/6/2020,10/6/2020,10/6/2020,10/6/2020,10/6/2020,10/6/2020,10/6/2020,10/6/2020,10/6/2020,10/6/2020,10/6/2020,10/6/2020,10/6/2020,10/6/2020,10/6/2020,10/6/2020,10/6/2020,10/6/2020,10/6/2020,10/6/2020,10/6/2020,10/6/2020,10/6/2020,10/6/2020,10/6/2020,10/6/2020,10/6/2020,10/6/2020,10/6/2020,10/6/2020,10/6/2020,10/6/2020,10/6/2020,10/6/2020,10/6/2020,10/6/2020,10/6/2020,10/6/2020,10/6/2020
Pred_Model_10,10/6/2020,10/6/2020,10/6/2020,10/6/2020,10/6/2020,10/6/2020,10/6/2020,10/6/2020,10/6/2020,10/6/2020,10/6/2020,10/6/2020,10/6/2020,10/6/2020,10/6/2020,10/6/2020,10/6/2020,10/6/2020,10/6/2020,10/6/2020,10/6/2020,10/6/2020,10/6/2020,10/6/2020,10/6/2020,10/6/2020,10/6/2020,10/6/2020,10/6/2020,10/6/2020,10/6/2020,10/6/2020,10/6/2020,10/6/2020,10/6/2020,10/6/2020,10/6/2020,10/6/2020,10/6/2020,10/6/2020,10/6/2020,10/6/2020,10/6/2020,10/6/2020,10/6/2020,10/6/2020,10/6/2020,10/6/2020,10/6/2020,10/6/2020,10/6/2020,10/6/2020,10/6/2020,10/6/2020,10/6/2020,10/6/2020,10/6/2020,10/6/2020,10/6/2020,10/6/2020,10/6/2020,10/6/2020,10/6/2020,10/6/2020,10/6/2020,10/6/2020,10/6/2020
Pred_Model_11,10/6/2020,10/6/2020,10/6/2020,10/6/2020,10/6/2020,10/6/2020,10/6/2020,10/6/2020,10/6/2020,10/6/2020,10/6/2020,10/6/2020,10/6/2020,10/6/2020,10/6/2020,10/6/2020,10/6/2020,10/6/2020,10/6/2020,10/6/2020,10/6/2020,10/6/2020,10/6/2020,10/6/2020,10/6/2020,10/6/2020,10/6/2020,10/6/2020,10/6/2020,10/6/2020,10/6/2020,10/6/2020,10/6/2020,10/6/2020,10/6/2020,10/6/2020,10/6/2020,10/6/2020,10/6/2020,10/6/2020,10/6/2020,10/6/2020,10/6/2020,10/6/2020,10/6/2020,10/6/2020,10/6/2020,10/6/2020,10/6/2020,10/6/2020,10/6/2020,10/6/2020,10/6/2020,10/6/2020,10/6/2020,10/6/2020,10/6/2020,10/6/2020,10/6/2020,10/6/2020,10/6/2020,10/6/2020,10/6/2020,10/6/2020,10/6/2020,10/6/2020,10/6/2020
Pred_Model_12,10/6/2020,10/6/2020,10/6/2020,10/6/2020,10/6/2020,10/6/2020,10/6/2020,10/6/2020,10/6/2020,10/6/2020,10/6/2020,10/6/2020,10/6/2020,10/6/2020,10/6/2020,10/6/2020,10/6/2020,10/6/2020,10/6/2020,10/6/2020,10/6/2020,10/6/2020,10/6/2020,10/6/2020,10/6/2020,10/6/2020,10/6/2020,10/6/2020,10/6/2020,10/6/2020,10/6/2020,10/6/2020,10/6/2020,10/6/2020,10/6/2020,10/6/2020,10/6/2020,10/6/2020,10/6/2020,10/6/2020,10/6/2020,10/6/2020,10/6/2020,10/6/2020,10/6/2020,10/6/2020,10/6/2020,10/6/2020,10/6/2020,10/6/2020,10/6/2020,10/6/2020,10/6/2020,10/6/2020,10/6/2020,10/6/2020,10/6/2020,10/6/2020,10/6/2020,10/6/2020,10/6/2020,10/6/2020,10/6/2020,10/6/2020,10/6/2020,10/6/2020,10/6/2020
Pred_Model_13,10/6/2020,10/6/2020,10/6/2020,10/6/2020,10/6/2020,10/6/2020,10/6/2020,10/6/2020,10/6/2020,10/6/2020,10/6/2020,10/6/2020,10/6/2020,10/6/2020,10/6/2020,10/6/2020,10/6/2020,10/6/2020,10/6/2020,10/6/2020,10/6/2020,10/6/2020,10/6/2020,10/6/2020,10/6/2020,10/6/2020,10/6/2020,10/6/2020,10/6/2020,10/6/2020,10/6/2020,10/6/2020,10/6/2020,10/6/2020,10/6/2020,10/6/2020,10/6/2020,10/6/2020,10/6/2020,10/6/2020,10/6/2020,10/6/2020,10/6/2020,10/6/2020,10/6/2020,10/6/2020,10/6/2020,10/6/2020,10/6/2020,10/6/2020,10/6/2020,10/6/2020,10/6/2020,10/6/2020,10/6/2020,10/6/2020,10/6/2020,10/6/2020,10/6/2020,10/6/2020,10/6/2020,10/6/2020,10/6/2020,10/6/2020,10/6/2020,10/6/2020,10/6/2020
Pred_Model_14,10/6/2020,10/6/2020,10/6/2020,10/6/2020,10/6/2020,10/6/2020,10/6/2020,10/6/2020,10/6/2020,10/6/2020,10/6/2020,10/6/2020,10/6/2020,10/6/2020,10/6/2020,10/6/2020,10/6/2020,10/6/2020,10/6/2020,10/6/2020,10/6/2020,10/6/2020,10/6/2020,10/6/2020,10/6/2020,10/6/2020,10/6/2020,10/6/2020,10/6/2020,10/6/2020,10/6/2020,10/6/2020,10/6/2020,10/6/2020,10/6/2020,10/6/2020,10/6/2020,10/6/2020,10/6/2020,10/6/2020,10/6/2020,10/6/2020,10/6/2020,10/6/2020,10/6/2020,10/6/2020,10/6/2020,10/6/2020,10/6/2020,10/6/2020,10/6/2020,10/6/2020,10/6/2020,10/6/2020,10/6/2020,10/6/2020,10/6/2020,10/6/2020,10/6/2020,10/6/2020,10/6/2020,10/6/2020,10/6/2020,10/6/2020,10/6/2020,10/6/2020,10/6/2020
Pred_Model_15,10/6/2020,10/6/2020,10/6/2020,10/6/2020,10/6/2020,10/6/2020,10/6/2020,10/6/2020,,10/6/2020,10/6/2020,10/6/2020,10/6/2020,10/6/2020,10/6/2020,10/6/2020,10/6/2020,10/6/2020,10/6/2020,10/6/2020,10/6/2020,10/6/2020,10/6/2020,10/6/2020,10/6/2020,10/6/2020,10/6/2020,10/6/2020,10/6/2020,10/6/2020,10/6/2020,10/6/2020,10/6/2020,10/6/2020,10/6/2020,10/6/2020,10/6/2020,10/6/2020,10/6/2020,10/6/2020,10/6/2020,10/6/2020,10/6/2020,10/6/2020,10/6/2020,10/6/2020,10/6/2020,10/6/2020,10/6/2020,10/6/2020,10/6/2020,10/6/2020,10/6/2020,10/6/2020,10/6/2020,10/6/2020,10/6/2020,10/6/2020,10/6/2020,10/6/2020,10/6/2020,10/6/2020,10/6/2020,10/6/2020,10/6/2020,10/6/2020,10/6/2020
Pred_Model_16,10/6/2020,10/6/2020,10/6/2020,10/6/2020,10/6/2020,10/6/2020,10/6/2020,10/6/2020,10/6/2020,10/6/2020,10/6/2020,10/6/2020,10/6/2020,10/6/2020,10/6/2020,10/6/2020,10/6/2020,10/6/2020,10/6/2020,10/6/2020,10/6/2020,10/6/2020,10/6/2020,10/6/2020,10/6/2020,10/6/2020,10/6/2020,10/6/2020,10/6/2020,10/6/2020,10/6/2020,10/6/2020,10/6/2020,10/6/2020,10/6/2020,10/6/2020,10/6/2020,10/6/2020,10/6/2020,10/6/2020,10/6/2020,10/6/2020,10/6/2020,10/6/2020,10/6/2020,10/6/2020,10/6/2020,10/6/2020,10/6/2020,10/6/2020,10/6/2020,10/6/2020,10/6/2020,10/6/2020,10/6/2020,10/6/2020,10/6/2020,10/6/2020,10/6/2020,10/6/2020,10/6/2020,10/6/2020,10/6/2020,10/6/2020,10/6/2020,10/6/2020,10/6/2020
Pred_Model_17,10/6/2020,10/6/2020,10/6/2020,10/6/2020,10/6/2020,10/6/2020,10/6/2020,10/6/2020,10/6/2020,10/6/2020,10/6/2020,10/6/2020,10/6/2020,10/6/2020,10/6/2020,10/6/2020,10/6/2020,10/6/2020,10/6/2020,10/6/2020,10/6/2020,10/6/2020,10/6/2020,10/6/2020,10/6/2020,10/6/2020,10/6/2020,10/6/2020,10/6/2020,10/6/2020,10/6/2020,10/6/2020,10/6/2020,10/6/2020,10/6/2020,10/6/2020,10/6/2020,10/6/2020,10/6/2020,10/6/2020,10/6/2020,10/6/2020,10/6/2020,10/6/2020,10/6/2020,10/6/2020,10/6/2020,10/6/2020,10/6/2020,10/6/2020,10/6/2020,10/6/2020,10/6/2020,10/6/2020,10/6/2020,10/6/2020,10/6/2020,10/6/2020,10/6/2020,10/6/2020,10/6/2020,10/6/2020,10/6/2020,10/6/2020,10/6/2020,10/6/2020,10/6/2020
Pred_Model_18,10/6/2020,10/6/2020,10/6/2020,10/6/2020,10/6/2020,10/6/2020,10/6/2020,10/6/2020,10/6/2020,10/6/2020,10/6/2020,10/6/2020,10/6/2020,10/6/2020,10/6/2020,10/6/2020,10/6/2020,10/6/2020,10/6/2020,10/6/2020,10/6/2020,10/6/2020,10/6/2020,10/6/2020,10/6/2020,10/6/2020,10/6/2020,10/6/2020,10/6/2020,10/6/2020,10/6/2020,10/6/2020,10/6/2020,10/6/2020,10/6/2020,10/6/2020,10/6/2020,10/6/2020,10/6/2020,10/6/2020,10/6/2020,10/6/2020,10/6/2020,10/6/2020,10/6/2020,10/6/2020,10/6/2020,10/6/2020,10/6/2020,10/6/2020,10/6/2020,10/6/2020,10/6/2020,10/6/2020,10/6/2020,10/6/2020,10/6/2020,10/6/2020,10/6/2020,10/6/2020,10/6/2020,10/6/2020,10/6/2020,10/6/2020,10/6/2020,10/6/2020,10/6/2020
Pred_Model_19,10/6/2020,10/6/2020,10/6/2020,10/6/2020,10/6/2020,10/6/2020,10/6/2020,10/6/2020,10/6/2020,10/6/2020,10/6/2020,10/6/2020,10/6/2020,10/6/2020,10/6/2020,10/6/2020,10/6/2020,10/6/2020,10/6/2020,10/6/2020,10/6/2020,10/6/2020,10/6/2020,10/6/2020,10/6/2020,10/6/2020,10/6/2020,10/6/2020,10/6/2020,10/6/2020,10/6/2020,10/6/2020,10/6/2020,10/6/2020,10/6/2020,10/6/2020,10/6/2020,10/6/2020,10/6/2020,10/6/2020,10/6/2020,10/6/2020,10/6/2020,10/6/2020,10/6/2020,10/6/2020,10/6/2020,10/6/2020,10/6/2020,10/6/2020,10/6/2020,10/6/2020,10/6/2020,10/6/2020,10/6/2020,10/6/2020,10/6/2020,10/6/2020,10/6/2020,10/6/2020,10/6/2020,10/6/2020,10/6/2020,10/6/2020,10/6/2020,10/6/2020,10/6/2020
Pred_Model_20,10/6/2020,10/6/2020,10/6/2020,10/6/2020,10/6/2020,10/6/2020,10/6/2020,10/6/2020,10/6/2020,10/6/2020,10/6/2020,10/6/2020,10/6/2020,10/6/2020,10/6/2020,10/6/2020,10/6/2020,10/6/2020,10/6/2020,10/6/2020,10/6/2020,10/6/2020,10/6/2020,10/6/2020,10/6/2020,10/6/2020,10/6/2020,10/6/2020,10/6/2020,10/6/2020,10/6/2020,10/6/2020,10/6/2020,10/6/2020,10/6/2020,10/6/2020,10/6/2020,10/6/2020,10/6/2020,10/6/2020,10/6/2020,10/6/2020,10/6/2020,10/6/2020,10/6/2020,10/6/2020,10/6/2020,10/6/2020,10/6/2020,10/6/2020,10/6/2020,10/6/2020,10/6/2020,10/6/2020,10/6/2020,10/6/2020,10/6/2020,10/6/2020,10/6/2020,10/6/2020,10/6/2020,10/6/2020,10/6/2020,10/6/2020,10/6/2020,10/6/2020,10/6/2020
Pred_Model_21,7/27/2020,7/27/2020,7/27/2020,7/27/2020,7/27/2020,7/27/2020,7/27/2020,7/27/2020,7/27/2020,7/27/2020,7/27/2020,7/27/2020,7/27/2020,7/27/2020,7/27/2020,7/27/2020,7/27/2020,,,7/27/2020,7/27/2020,7/27/2020,7/27/2020,7/27/2020,7/27/2020,7/27/2020,7/27/2020,7/27/2020,7/27/2020,7/27/2020,7/27/2020,,,,,7/27/2020,7/27/2020,7/27/2020,7/27/2020,7/27/2020,7/27/2020,7/27/2020,7/27/2020,7/27/2020,7/27/2020,7/27/2020,7/27/2020,7/27/2020,7/27/2020,7/27/2020,7/27/2020,7/27/2020,7/27/2020,7/27/2020,7/27/2020,7/27/2020,7/27/2020,7/27/2020,7/27/2020,7/27/2020,7/27/2020,7/27/2020,7/27/2020,7/27/2020,,,
Pred_Model_22,10/6/2020,10/6/2020,10/6/2020,10/6/2020,10/6/2020,10/6/2020,10/6/2020,10/6/2020,,10/6/2020,10/6/2020,10/6/2020,10/6/2020,10/6/2020,,10/6/2020,10/6/2020,10/6/2020,10/6/2020,10/6/2020,10/6/2020,10/6/2020,10/6/2020,10/6/2020,10/6/2020,10/6/2020,10/6/2020,10/6/2020,10/6/2020,10/6/2020,10/6/2020,10/6/2020,10/6/2020,10/6/2020,10/6/2020,10/6/2020,10/6/2020,10/6/2020,10/6/2020,10/6/2020,10/6/2020,10/6/2020,10/6/2020,10/6/2020,10/6/2020,,10/6/2020,10/6/2020,10/6/2020,10/6/2020,10/6/2020,10/6/2020,10/6/2020,10/6/2020,10/6/2020,10/6/2020,10/6/2020,10/6/2020,10/6/2020,10/6/2020,10/6/2020,10/6/2020,10/6/2020,10/6/2020,10/6/2020,10/6/2020,10/6/2020
Pred_Model_23,10/6/2020,10/6/2020,10/6/2020,10/6/2020,10/6/2020,10/6/2020,10/6/2020,10/6/2020,10/6/2020,10/6/2020,10/6/2020,10/6/2020,10/6/2020,10/6/2020,10/6/2020,10/6/2020,10/6/2020,10/6/2020,10/6/2020,10/6/2020,10/6/2020,10/6/2020,10/6/2020,10/6/2020,10/6/2020,10/6/2020,10/6/2020,10/6/2020,10/6/2020,10/6/2020,10/6/2020,10/6/2020,10/6/2020,10/6/2020,10/6/2020,10/6/2020,10/6/2020,10/6/2020,10/6/2020,10/6/2020,10/6/2020,10/6/2020,10/6/2020,10/6/2020,10/6/2020,10/6/2020,10/6/2020,10/6/2020,10/6/2020,10/6/2020,10/6/2020,10/6/2020,10/6/2020,10/6/2020,10/6/2020,10/6/2020,10/6/2020,10/6/2020,10/6/2020,10/6/2020,10/6/2020,10/6/2020,10/6/2020,10/6/2020,10/6/2020,10/6/2020,10/6/2020
Pred_Model_24,10/5/2020,10/5/2020,10/5/2020,10/5/2020,10/5/2020,10/5/2020,10/5/2020,10/5/2020,10/5/2020,10/5/2020,10/5/2020,10/5/2020,10/5/2020,10/5/2020,10/5/2020,10/5/2020,10/5/2020,10/5/2020,10/5/2020,10/5/2020,10/5/2020,10/5/2020,10/5/2020,10/5/2020,10/5/2020,10/5/2020,10/5/2020,10/5/2020,10/5/2020,10/5/2020,10/5/2020,10/5/2020,10/5/2020,10/5/2020,10/5/2020,10/5/2020,10/5/2020,10/5/2020,10/5/2020,10/5/2020,10/5/2020,10/5/2020,10/5/2020,10/5/2020,10/5/2020,10/5/2020,10/5/2020,10/5/2020,10/5/2020,10/5/2020,10/5/2020,10/5/2020,10/5/2020,10/5/2020,10/5/2020,10/5/2020,10/5/2020,10/5/2020,10/5/2020,10/5/2020,10/5/2020,10/5/2020,10/5/2020,10/5/2020,10/5/2020,10/5/2020,10/5/2020
Pred_Model_25,10/6/2020,10/6/2020,10/6/2020,10/6/2020,10/6/2020,10/6/2020,10/6/2020,10/6/2020,10/6/2020,10/6/2020,10/6/2020,10/6/2020,10/6/2020,10/6/2020,10/6/2020,10/6/2020,10/6/2020,10/6/2020,10/6/2020,10/6/2020,10/6/2020,10/6/2020,10/6/2020,10/6/2020,10/6/2020,10/6/2020,10/6/2020,10/6/2020,10/6/2020,10/6/2020,10/6/2020,10/6/2020,10/6/2020,10/6/2020,10/6/2020,10/6/2020,10/6/2020,10/6/2020,10/6/2020,10/6/2020,10/6/2020,10/6/2020,10/6/2020,10/6/2020,10/6/2020,10/6/2020,10/6/2020,10/6/2020,10/6/2020,10/6/2020,10/6/2020,10/6/2020,10/6/2020,10/6/2020,10/6/2020,10/6/2020,10/6/2020,10/6/2020,10/6/2020,10/6/2020,10/6/2020,10/6/2020,10/6/2020,10/6/2020,10/6/2020,10/6/2020,10/6/2020
Pred_Model_26,10/6/2020,10/6/2020,10/6/2020,10/6/2020,10/6/2020,10/6/2020,10/6/2020,10/6/2020,10/6/2020,10/6/2020,10/6/2020,10/6/2020,10/6/2020,10/6/2020,10/6/2020,10/6/2020,10/6/2020,10/6/2020,10/6/2020,10/6/2020,10/6/2020,10/6/2020,10/6/2020,10/6/2020,10/6/2020,10/6/2020,10/6/2020,10/6/2020,10/6/2020,10/6/2020,10/6/2020,10/6/2020,10/6/2020,10/6/2020,10/6/2020,10/6/2020,10/6/2020,10/6/2020,10/6/2020,10/6/2020,10/6/2020,10/6/2020,10/6/2020,10/6/2020,10/6/2020,10/6/2020,10/6/2020,10/6/2020,10/6/2020,10/6/2020,10/6/2020,10/6/2020,10/6/2020,10/6/2020,10/6/2020,10/6/2020,10/6/2020,10/6/2020,10/6/2020,10/6/2020,10/6/2020,10/6/2020,10/6/2020,10/6/2020,10/6/2020,10/6/2020,10/6/2020
Pred_Model_27,10/6/2020,10/6/2020,10/6/2020,10/6/2020,10/6/2020,10/6/2020,10/6/2020,10/6/2020,10/6/2020,10/6/2020,10/6/2020,10/6/2020,10/6/2020,10/6/2020,10/6/2020,10/6/2020,10/6/2020,10/6/2020,10/6/2020,10/6/2020,10/6/2020,10/6/2020,10/6/2020,10/6/2020,10/6/2020,10/6/2020,10/6/2020,10/6/2020,10/6/2020,10/6/2020,10/6/2020,10/6/2020,10/6/2020,10/6/2020,10/6/2020,10/6/2020,10/6/2020,10/6/2020,10/6/2020,10/6/2020,10/6/2020,10/6/2020,10/6/2020,10/6/2020,10/6/2020,10/6/2020,10/6/2020,10/6/2020,10/6/2020,10/6/2020,10/6/2020,10/6/2020,10/6/2020,10/6/2020,10/6/2020,10/6/2020,10/6/2020,10/6/2020,10/6/2020,10/6/2020,10/6/2020,10/6/2020,10/6/2020,10/6/2020,10/6/2020,10/6/2020,10/6/2020
Pred_Model_28,10/6/2020,10/6/2020,10/6/2020,10/6/2020,10/6/2020,10/6/2020,10/6/2020,10/6/2020,10/6/2020,10/6/2020,10/6/2020,10/6/2020,10/6/2020,10/6/2020,10/6/2020,10/6/2020,10/6/2020,10/6/2020,10/6/2020,10/6/2020,10/6/2020,10/6/2020,10/6/2020,10/6/2020,10/6/2020,10/6/2020,10/6/2020,10/6/2020,10/6/2020,10/6/2020,10/6/2020,10/6/2020,10/6/2020,10/6/2020,10/6/2020,10/6/2020,10/6/2020,10/6/2020,10/6/2020,10/6/2020,10/6/2020,10/6/2020,10/6/2020,10/6/2020,10/6/2020,10/6/2020,10/6/2020,10/6/2020,10/6/2020,10/6/2020,10/6/2020,10/6/2020,10/6/2020,10/6/2020,10/6/2020,10/6/2020,10/6/2020,10/6/2020,10/6/2020,10/6/2020,10/6/2020,10/6/2020,10/6/2020,10/6/2020,10/6/2020,10/6/2020,10/6/2020
Pred_Model_29,10/6/2020,10/6/2020,10/6/2020,10/6/2020,10/6/2020,10/6/2020,10/6/2020,10/6/2020,10/6/2020,10/6/2020,10/6/2020,10/6/2020,10/6/2020,10/6/2020,10/6/2020,10/6/2020,10/6/2020,10/6/2020,10/6/2020,10/6/2020,10/6/2020,10/6/2020,10/6/2020,10/6/2020,10/6/2020,10/6/2020,10/6/2020,10/6/2020,10/6/2020,10/6/2020,10/6/2020,10/6/2020,10/6/2020,10/6/2020,10/6/2020,10/6/2020,10/6/2020,10/6/2020,10/6/2020,10/6/2020,10/6/2020,10/6/2020,10/6/2020,10/6/2020,10/6/2020,10/6/2020,10/6/2020,10/6/2020,10/6/2020,10/6/2020,10/6/2020,10/6/2020,10/6/2020,10/6/2020,10/6/2020,10/6/2020,10/6/2020,10/6/2020,10/6/2020,10/6/2020,10/6/2020,10/6/2020,10/6/2020,10/6/2020,10/6/2020,10/6/2020,10/6/2020
Pred_Model_30,,,,8/15/2020,,,,,8/15/2020,,,,,,,,,,,8/15/2020,,,,,,,,,,,,,,,,,,,,,,,,,,,,,,,,,,,,,,,,,,,,,,,
Pred_Model_31,10/6/2020,10/6/2020,10/6/2020,10/6/2020,10/6/2020,10/6/2020,10/6/2020,10/6/2020,10/6/2020,10/6/2020,10/6/2020,10/6/2020,10/6/2020,10/6/2020,10/6/2020,10/6/2020,10/6/2020,10/6/2020,10/6/2020,10/6/2020,10/6/2020,10/6/2020,10/6/2020,10/6/2020,10/6/2020,10/6/2020,10/6/2020,10/6/2020,10/6/2020,10/6/2020,10/6/2020,10/6/2020,10/6/2020,10/6/2020,10/6/2020,10/6/2020,10/6/2020,10/6/2020,10/6/2020,10/6/2020,10/6/2020,10/6/2020,10/6/2020,10/6/2020,10/6/2020,10/6/2020,10/6/2020,10/6/2020,10/6/2020,10/6/2020,10/6/2020,10/6/2020,10/6/2020,10/6/2020,10/6/2020,10/6/2020,10/6/2020,10/6/2020,10/6/2020,10/6/2020,10/6/2020,10/6/2020,10/6/2020,10/6/2020,10/6/2020,10/6/2020,10/6/2020
Pred_Model_32,10/5/2020,10/5/2020,10/5/2020,10/5/2020,10/5/2020,10/5/2020,10/5/2020,10/5/2020,,,10/5/2020,10/5/2020,10/5/2020,10/5/2020,10/5/2020,10/5/2020,10/5/2020,10/5/2020,10/5/2020,10/5/2020,10/5/2020,10/5/2020,10/5/2020,10/5/2020,10/5/2020,10/5/2020,10/5/2020,10/5/2020,10/5/2020,10/5/2020,10/5/2020,10/5/2020,10/5/2020,10/5/2020,10/5/2020,10/5/2020,10/5/2020,10/5/2020,10/5/2020,10/5/2020,10/5/2020,10/5/2020,10/5/2020,10/5/2020,10/5/2020,10/5/2020,10/5/2020,10/5/2020,10/5/2020,10/5/2020,10/5/2020,10/5/2020,10/5/2020,10/5/2020,10/5/2020,10/5/2020,10/5/2020,10/5/2020,10/5/2020,10/5/2020,10/5/2020,10/5/2020,10/5/2020,10/5/2020,10/5/2020,10/5/2020,10/5/2020
Pred_Model_33,10/6/2020,10/6/2020,10/6/2020,10/6/2020,10/6/2020,10/6/2020,10/6/2020,10/6/2020,10/6/2020,10/6/2020,10/6/2020,10/6/2020,10/6/2020,10/6/2020,10/6/2020,10/6/2020,10/6/2020,10/6/2020,10/6/2020,10/6/2020,10/6/2020,10/6/2020,10/6/2020,10/6/2020,10/6/2020,10/6/2020,10/6/2020,10/6/2020,10/6/2020,10/6/2020,10/6/2020,10/6/2020,10/6/2020,10/6/2020,10/6/2020,10/6/2020,10/6/2020,10/6/2020,10/6/2020,10/6/2020,10/6/2020,10/6/2020,10/6/2020,10/6/2020,10/6/2020,10/6/2020,10/6/2020,10/6/2020,10/6/2020,10/6/2020,10/6/2020,10/6/2020,10/6/2020,10/6/2020,10/6/2020,10/6/2020,10/6/2020,10/6/2020,10/6/2020,10/6/2020,10/6/2020,10/6/2020,10/6/2020,10/6/2020,10/6/2020,10/6/2020,10/6/2020
Pred_Model_34,,,,8/15/2020,,,,,8/15/2020,,,,,,,,,,,8/15/2020,,,,,,,,,,,,,,,,,,,,,,,,,,,,,,,,,,,,,,,,,,,,,,,
Pred_Model_35,10/6/2020,10/6/2020,10/6/2020,10/6/2020,10/6/2020,10/6/2020,10/6/2020,10/6/2020,10/6/2020,10/6/2020,10/6/2020,10/6/2020,10/6/2020,10/6/2020,10/6/2020,10/6/2020,10/6/2020,10/6/2020,10/6/2020,10/6/2020,10/6/2020,10/6/2020,10/6/2020,10/6/2020,10/6/2020,10/6/2020,10/6/2020,10/6/2020,10/6/2020,10/6/2020,10/6/2020,10/6/2020,10/6/2020,10/6/2020,10/6/2020,10/6/2020,10/6/2020,10/6/2020,10/6/2020,10/6/2020,10/6/2020,10/6/2020,10/6/2020,10/6/2020,10/6/2020,10/6/2020,10/6/2020,10/6/2020,10/6/2020,10/6/2020,10/6/2020,10/6/2020,10/6/2020,10/6/2020,10/6/2020,10/6/2020,10/6/2020,10/6/2020,10/6/2020,10/6/2020,10/6/2020,10/6/2020,10/6/2020,10/6/2020,10/6/2020,10/6/2020,10/6/2020
Pred_Model_36,10/6/2020,10/6/2020,10/6/2020,10/6/2020,10/6/2020,10/6/2020,10/6/2020,10/6/2020,10/6/2020,10/6/2020,10/6/2020,10/6/2020,10/6/2020,10/6/2020,10/6/2020,10/6/2020,10/6/2020,10/6/2020,10/6/2020,10/6/2020,10/6/2020,10/6/2020,10/6/2020,10/6/2020,10/6/2020,10/6/2020,10/6/2020,10/6/2020,10/6/2020,10/6/2020,10/6/2020,10/6/2020,10/6/2020,10/6/2020,10/6/2020,10/6/2020,10/6/2020,10/6/2020,10/6/2020,10/6/2020,10/6/2020,10/6/2020,10/6/2020,10/6/2020,10/6/2020,10/6/2020,10/6/2020,10/6/2020,10/6/2020,10/6/2020,10/6/2020,10/6/2020,10/6/2020,10/6/2020,10/6/2020,10/6/2020,10/6/2020,10/6/2020,10/6/2020,10/6/2020,10/6/2020,10/6/2020,10/6/2020,10/6/2020,10/6/2020,10/6/2020,10/6/2020
Pred_Model_37,10/6/2020,10/6/2020,,,,,10/6/2020,10/6/2020,,,10/6/2020,10/6/2020,10/6/2020,10/6/2020,10/6/2020,10/6/2020,10/6/2020,10/6/2020,10/6/2020,,10/6/2020,10/6/2020,10/6/2020,10/6/2020,10/6/2020,10/6/2020,10/6/2020,10/6/2020,10/6/2020,10/6/2020,10/6/2020,10/6/2020,10/6/2020,,10/6/2020,10/6/2020,10/6/2020,10/6/2020,,10/6/2020,10/6/2020,10/6/2020,10/6/2020,10/6/2020,10/6/2020,10/6/2020,10/6/2020,10/6/2020,10/6/2020,10/6/2020,10/6/2020,10/6/2020,10/6/2020,10/6/2020,10/6/2020,10/6/2020,10/6/2020,10/6/2020,10/6/2020,10/6/2020,10/6/2020,10/6/2020,10/6/2020,10/6/2020,10/6/2020,10/6/2020,10/6/2020
Pred_Model_38,10/6/2020,10/6/2020,10/6/2020,10/6/2020,10/6/2020,10/6/2020,10/6/2020,10/6/2020,10/6/2020,10/6/2020,10/6/2020,10/6/2020,10/6/2020,10/6/2020,10/6/2020,10/6/2020,10/6/2020,10/6/2020,10/6/2020,10/6/2020,10/6/2020,10/6/2020,10/6/2020,10/6/2020,10/6/2020,10/6/2020,10/6/2020,10/6/2020,10/6/2020,10/6/2020,10/6/2020,10/6/2020,10/6/2020,10/6/2020,10/6/2020,10/6/2020,10/6/2020,10/6/2020,10/6/2020,10/6/2020,10/6/2020,10/6/2020,10/6/2020,10/6/2020,10/6/2020,10/6/2020,10/6/2020,10/6/2020,10/6/2020,10/6/2020,10/6/2020,10/6/2020,10/6/2020,10/6/2020,10/6/2020,10/6/2020,10/6/2020,10/6/2020,10/6/2020,10/6/2020,10/6/2020,10/6/2020,10/6/2020,10/6/2020,10/6/2020,10/6/2020,10/6/2020
Pred_Model_39,10/6/2020,10/6/2020,10/6/2020,10/6/2020,10/6/2020,10/6/2020,10/6/2020,10/6/2020,10/6/2020,10/6/2020,10/6/2020,10/6/2020,10/6/2020,10/6/2020,10/6/2020,10/6/2020,10/6/2020,10/6/2020,10/6/2020,10/6/2020,10/6/2020,10/6/2020,10/6/2020,10/6/2020,10/6/2020,10/6/2020,10/6/2020,10/6/2020,10/6/2020,10/6/2020,10/6/2020,10/6/2020,10/6/2020,10/6/2020,10/6/2020,10/6/2020,10/6/2020,10/6/2020,10/6/2020,10/6/2020,10/6/2020,10/6/2020,10/6/2020,10/6/2020,10/6/2020,10/6/2020,10/6/2020,10/6/2020,10/6/2020,10/6/2020,10/6/2020,10/6/2020,10/6/2020,10/6/2020,10/6/2020,10/6/2020,10/6/2020,10/6/2020,10/6/2020,10/6/2020,10/6/2020,10/6/2020,10/6/2020,10/6/2020,10/6/2020,10/6/2020,10/6/2020
Pred_Model_40,10/6/2020,10/6/2020,,,,,10/6/2020,10/6/2020,,,10/6/2020,10/6/2020,10/6/2020,10/6/2020,10/6/2020,10/6/2020,10/6/2020,10/6/2020,10/6/2020,,,10/6/2020,10/6/2020,10/6/2020,10/6/2020,10/6/2020,10/6/2020,10/6/2020,10/6/2020,10/6/2020,10/6/2020,,10/6/2020,,,10/6/2020,10/6/2020,10/6/2020,,10/6/2020,10/6/2020,10/6/2020,10/6/2020,10/6/2020,10/6/2020,10/6/2020,10/6/2020,10/6/2020,10/6/2020,10/6/2020,10/6/2020,10/6/2020,10/6/2020,10/6/2020,10/6/2020,10/6/2020,10/6/2020,10/6/2020,10/6/2020,10/6/2020,10/6/2020,10/6/2020,10/6/2020,10/6/2020,10/6/2020,10/6/2020,10/6/2020
Pred_Model_41,10/6/2020,10/6/2020,10/6/2020,10/6/2020,10/6/2020,10/6/2020,10/6/2020,10/6/2020,10/6/2020,10/6/2020,10/6/2020,10/6/2020,10/6/2020,10/6/2020,10/6/2020,10/6/2020,10/6/2020,10/6/2020,10/6/2020,10/6/2020,10/6/2020,10/6/2020,10/6/2020,10/6/2020,10/6/2020,10/6/2020,10/6/2020,10/6/2020,10/6/2020,10/6/2020,10/6/2020,10/6/2020,10/6/2020,10/6/2020,10/6/2020,10/6/2020,10/6/2020,10/6/2020,10/6/2020,10/6/2020,10/6/2020,10/6/2020,10/6/2020,10/6/2020,10/6/2020,10/6/2020,10/6/2020,10/6/2020,10/6/2020,10/6/2020,10/6/2020,10/6/2020,10/6/2020,10/6/2020,10/6/2020,10/6/2020,10/6/2020,10/6/2020,10/6/2020,10/6/2020,10/6/2020,10/6/2020,10/6/2020,10/6/2020,10/6/2020,10/6/2020,10/6/2020
Pred_Model_42,10/6/2020,10/6/2020,10/6/2020,10/6/2020,10/6/2020,10/6/2020,10/6/2020,10/6/2020,10/6/2020,10/6/2020,10/6/2020,10/6/2020,10/6/2020,10/6/2020,10/6/2020,10/6/2020,10/6/2020,10/6/2020,10/6/2020,10/6/2020,10/6/2020,10/6/2020,10/6/2020,10/6/2020,10/6/2020,10/6/2020,10/6/2020,10/6/2020,10/6/2020,10/6/2020,10/6/2020,10/6/2020,10/6/2020,10/6/2020,10/6/2020,10/6/2020,10/6/2020,10/6/2020,10/6/2020,10/6/2020,10/6/2020,10/6/2020,10/6/2020,10/6/2020,10/6/2020,10/6/2020,10/6/2020,10/6/2020,10/6/2020,10/6/2020,10/6/2020,10/6/2020,10/6/2020,10/6/2020,10/6/2020,10/6/2020,10/6/2020,10/6/2020,10/6/2020,10/6/2020,10/6/2020,10/6/2020,10/6/2020,10/6/2020,10/6/2020,10/6/2020,10/6/2020
Pred_Model_43,10/6/2020,10/6/2020,10/6/2020,10/6/2020,10/6/2020,10/6/2020,10/6/2020,10/6/2020,10/6/2020,10/6/2020,10/6/2020,10/6/2020,10/6/2020,10/6/2020,10/6/2020,10/6/2020,10/6/2020,10/6/2020,10/6/2020,10/6/2020,10/6/2020,10/6/2020,10/6/2020,10/6/2020,10/6/2020,10/6/2020,10/6/2020,10/6/2020,10/6/2020,10/6/2020,10/6/2020,10/6/2020,10/6/2020,10/6/2020,10/6/2020,10/6/2020,10/6/2020,10/6/2020,10/6/2020,10/6/2020,10/6/2020,10/6/2020,10/6/2020,10/6/2020,10/6/2020,10/6/2020,10/6/2020,10/6/2020,10/6/2020,10/6/2020,10/6/2020,10/6/2020,10/6/2020,10/6/2020,10/6/2020,10/6/2020,10/6/2020,10/6/2020,10/6/2020,10/6/2020,10/6/2020,10/6/2020,10/6/2020,10/6/2020,10/6/2020,10/6/2020,10/6/2020
Pred_Model_44,10/6/2020,10/6/2020,10/6/2020,10/6/2020,10/6/2020,10/6/2020,10/6/2020,10/6/2020,10/6/2020,10/6/2020,10/6/2020,10/6/2020,10/6/2020,10/6/2020,10/6/2020,10/6/2020,10/6/2020,10/6/2020,10/6/2020,10/6/2020,10/6/2020,10/6/2020,10/6/2020,10/6/2020,10/6/2020,10/6/2020,10/6/2020,10/6/2020,10/6/2020,10/6/2020,10/6/2020,10/6/2020,10/6/2020,10/6/2020,10/6/2020,10/6/2020,10/6/2020,10/6/2020,10/6/2020,10/6/2020,10/6/2020,10/6/2020,10/6/2020,10/6/2020,10/6/2020,10/6/2020,10/6/2020,10/6/2020,10/6/2020,10/6/2020,10/6/2020,10/6/2020,10/6/2020,10/6/2020,10/6/2020,10/6/2020,10/6/2020,10/6/2020,10/6/2020,10/6/2020,10/6/2020,10/6/2020,10/6/2020,10/6/2020,10/6/2020,10/6/2020,10/6/2020
Pred_Model_45,10/6/2020,10/6/2020,10/6/2020,10/6/2020,10/6/2020,10/6/2020,10/6/2020,10/6/2020,10/6/2020,10/6/2020,10/6/2020,10/6/2020,10/6/2020,10/6/2020,10/6/2020,10/6/2020,10/6/2020,10/6/2020,10/6/2020,10/6/2020,10/6/2020,10/6/2020,10/6/2020,10/6/2020,10/6/2020,10/6/2020,10/6/2020,10/6/2020,10/6/2020,10/6/2020,10/6/2020,10/6/2020,10/6/2020,10/6/2020,10/6/2020,10/6/2020,10/6/2020,10/6/2020,10/6/2020,10/6/2020,10/6/2020,10/6/2020,10/6/2020,10/6/2020,10/6/2020,10/6/2020,10/6/2020,10/6/2020,10/6/2020,10/6/2020,10/6/2020,10/6/2020,10/6/2020,10/6/2020,10/6/2020,10/6/2020,10/6/2020,10/6/2020,10/6/2020,10/6/2020,10/6/2020,10/6/2020,10/6/2020,10/6/2020,10/6/2020,10/6/2020,10/6/2020
Pred_Model_46,,,,9/29/2020,,,,,,,,,,,,,,,,9/29/2020,,,,,,,,,,,,,,,,,,,,,,,,,,,,,,,,,,,,,,,,,,,,,,,
Pred_Model_47,10/6/2020,10/6/2020,10/6/2020,,10/6/2020,10/6/2020,10/6/2020,10/6/2020,,10/6/2020,10/6/2020,10/6/2020,10/6/2020,10/6/2020,,10/6/2020,10/6/2020,10/6/2020,10/6/2020,,10/6/2020,10/6/2020,10/6/2020,10/6/2020,10/6/2020,10/6/2020,10/6/2020,10/6/2020,10/6/2020,10/6/2020,10/6/2020,10/6/2020,10/6/2020,10/6/2020,10/6/2020,10/6/2020,10/6/2020,10/6/2020,10/6/2020,10/6/2020,10/6/2020,10/6/2020,10/6/2020,10/6/2020,10/6/2020,10/6/2020,10/6/2020,10/6/2020,10/6/2020,10/6/2020,10/6/2020,10/6/2020,10/6/2020,10/6/2020,10/6/2020,10/6/2020,10/6/2020,10/6/2020,10/6/2020,10/6/2020,10/6/2020,10/6/2020,10/6/2020,10/6/2020,10/6/2020,10/6/2020,10/6/2020
Pred_Model_48,10/5/2020,10/5/2020,10/5/2020,10/5/2020,10/5/2020,10/5/2020,10/5/2020,10/5/2020,10/5/2020,10/5/2020,10/5/2020,10/5/2020,10/5/2020,10/5/2020,10/5/2020,10/5/2020,10/5/2020,10/5/2020,10/5/2020,10/5/2020,10/5/2020,10/5/2020,10/5/2020,10/5/2020,10/5/2020,10/5/2020,10/5/2020,10/5/2020,10/5/2020,10/5/2020,10/5/2020,10/5/2020,10/5/2020,10/5/2020,10/5/2020,10/5/2020,10/5/2020,10/5/2020,10/5/2020,10/5/2020,10/5/2020,10/5/2020,10/5/2020,10/5/2020,10/5/2020,10/5/2020,10/5/2020,10/5/2020,10/5/2020,10/5/2020,10/5/2020,10/5/2020,10/5/2020,10/5/2020,10/5/2020,10/5/2020,10/5/2020,10/5/2020,10/5/2020,10/5/2020,10/5/2020,10/5/2020,10/5/2020,10/5/2020,10/5/2020,10/5/2020,10/5/2020
Pred_Model_49,10/5/2020,10/5/2020,10/5/2020,,10/5/2020,10/5/2020,10/5/2020,10/5/2020,,10/5/2020,10/5/2020,10/5/2020,10/5/2020,10/5/2020,,10/5/2020,10/5/2020,10/5/2020,10/5/2020,,10/5/2020,10/5/2020,10/5/2020,10/5/2020,10/5/2020,10/5/2020,10/5/2020,10/5/2020,10/5/2020,10/5/2020,10/5/2020,10/5/2020,10/5/2020,10/5/2020,10/5/2020,10/5/2020,10/5/2020,10/5/2020,10/5/2020,10/5/2020,10/5/2020,10/5/2020,10/5/2020,10/5/2020,10/5/2020,10/5/2020,10/5/2020,10/5/2020,10/5/2020,10/5/2020,10/5/2020,10/5/2020,10/5/2020,10/5/2020,10/5/2020,10/5/2020,10/5/2020,10/5/2020,10/5/2020,10/5/2020,10/5/2020,10/5/2020,10/5/2020,10/5/2020,10/5/2020,10/5/2020,10/5/2020
Pred_Model_50,10/6/2020,10/6/2020,10/6/2020,10/6/2020,10/6/2020,10/6/2020,10/6/2020,10/6/2020,10/6/2020,10/6/2020,10/6/2020,10/6/2020,10/6/2020,10/6/2020,10/6/2020,10/6/2020,10/6/2020,10/6/2020,10/6/2020,10/6/2020,10/6/2020,10/6/2020,10/6/2020,10/6/2020,10/6/2020,10/6/2020,10/6/2020,10/6/2020,10/6/2020,10/6/2020,10/6/2020,10/6/2020,10/6/2020,10/6/2020,10/6/2020,10/6/2020,10/6/2020,10/6/2020,10/6/2020,10/6/2020,10/6/2020,10/6/2020,10/6/2020,10/6/2020,10/6/2020,10/6/2020,10/6/2020,10/6/2020,10/6/2020,10/6/2020,10/6/2020,10/6/2020,10/6/2020,10/6/2020,10/6/2020,10/6/2020,10/6/2020,10/6/2020,10/6/2020,10/6/2020,10/6/2020,10/6/2020,10/6/2020,10/6/2020,10/6/2020,10/6/2020,10/6/2020
Pred_Model_51,10/6/2020,10/6/2020,10/6/2020,10/6/2020,10/6/2020,10/6/2020,10/6/2020,10/6/2020,,10/6/2020,10/6/2020,10/6/2020,10/6/2020,10/6/2020,10/6/2020,10/6/2020,10/6/2020,10/6/2020,10/6/2020,10/6/2020,10/6/2020,10/6/2020,10/6/2020,10/6/2020,10/6/2020,10/6/2020,10/6/2020,10/6/2020,10/6/2020,10/6/2020,10/6/2020,10/6/2020,10/6/2020,10/6/2020,10/6/2020,10/6/2020,10/6/2020,10/6/2020,10/6/2020,10/6/2020,10/6/2020,10/6/2020,10/6/2020,10/6/2020,10/6/2020,10/6/2020,10/6/2020,10/6/2020,10/6/2020,10/6/2020,10/6/2020,10/6/2020,10/6/2020,10/6/2020,10/6/2020,10/6/2020,10/6/2020,10/6/2020,10/6/2020,10/6/2020,10/6/2020,10/6/2020,10/6/2020,10/6/2020,10/6/2020,10/6/2020,10/6/2020
Pred_Model_52,10/6/2020,10/6/2020,10/6/2020,10/6/2020,10/6/2020,10/6/2020,10/6/2020,10/6/2020,10/6/2020,10/6/2020,10/6/2020,10/6/2020,10/6/2020,10/6/2020,10/6/2020,10/6/2020,10/6/2020,10/6/2020,10/6/2020,10/6/2020,10/6/2020,10/6/2020,10/6/2020,10/6/2020,10/6/2020,10/6/2020,10/6/2020,10/6/2020,10/6/2020,10/6/2020,10/6/2020,10/6/2020,10/6/2020,10/6/2020,10/6/2020,10/6/2020,10/6/2020,10/6/2020,10/6/2020,10/6/2020,10/6/2020,10/6/2020,10/6/2020,10/6/2020,10/6/2020,10/6/2020,10/6/2020,10/6/2020,10/6/2020,10/6/2020,10/6/2020,10/6/2020,10/6/2020,10/6/2020,10/6/2020,10/6/2020,10/6/2020,10/6/2020,10/6/2020,10/6/2020,10/6/2020,10/6/2020,10/6/2020,10/6/2020,10/6/2020,10/6/2020,10/6/2020
Pred_Model_53,10/6/2020,10/6/2020,10/6/2020,10/6/2020,10/6/2020,10/6/2020,10/6/2020,10/6/2020,10/6/2020,10/6/2020,10/6/2020,10/6/2020,10/6/2020,10/6/2020,10/6/2020,10/6/2020,10/6/2020,10/6/2020,10/6/2020,10/6/2020,10/6/2020,10/6/2020,10/6/2020,10/6/2020,10/6/2020,10/6/2020,10/6/2020,10/6/2020,10/6/2020,10/6/2020,10/6/2020,10/6/2020,10/6/2020,10/6/2020,10/6/2020,10/6/2020,10/6/2020,10/6/2020,10/6/2020,10/6/2020,10/6/2020,10/6/2020,10/6/2020,10/6/2020,10/6/2020,10/6/2020,10/6/2020,10/6/2020,10/6/2020,10/6/2020,10/6/2020,10/6/2020,10/6/2020,10/6/2020,10/6/2020,10/6/2020,10/6/2020,10/6/2020,10/6/2020,10/6/2020,10/6/2020,10/6/2020,10/6/2020,10/6/2020,10/6/2020,10/6/2020,10/6/2020
Pred_Model_54,10/6/2020,10/6/2020,10/6/2020,10/6/2020,10/6/2020,10/6/2020,10/6/2020,10/6/2020,10/6/2020,10/6/2020,10/6/2020,10/6/2020,10/6/2020,10/6/2020,10/6/2020,10/6/2020,10/6/2020,10/6/2020,10/6/2020,10/6/2020,10/6/2020,10/6/2020,10/6/2020,10/6/2020,10/6/2020,10/6/2020,10/6/2020,10/6/2020,10/6/2020,10/6/2020,10/6/2020,10/6/2020,10/6/2020,10/6/2020,10/6/2020,10/6/2020,10/6/2020,10/6/2020,10/6/2020,10/6/2020,10/6/2020,10/6/2020,10/6/2020,10/6/2020,10/6/2020,10/6/2020,10/6/2020,10/6/2020,10/6/2020,10/6/2020,10/6/2020,10/6/2020,10/6/2020,10/6/2020,10/6/2020,10/6/2020,10/6/2020,10/6/2020,10/6/2020,10/6/2020,10/6/2020,10/6/2020,10/6/2020,10/6/2020,10/6/2020,10/6/2020,10/6/2020
Pred_Model_55,10/6/2020,10/6/2020,10/6/2020,10/6/2020,10/6/2020,10/6/2020,10/6/2020,10/6/2020,10/6/2020,10/6/2020,10/6/2020,10/6/2020,10/6/2020,10/6/2020,10/6/2020,10/6/2020,10/6/2020,10/6/2020,10/6/2020,10/6/2020,10/6/2020,10/6/2020,10/6/2020,10/6/2020,10/6/2020,10/6/2020,10/6/2020,10/6/2020,10/6/2020,10/6/2020,10/6/2020,10/6/2020,10/6/2020,10/6/2020,10/6/2020,10/6/2020,10/6/2020,10/6/2020,10/6/2020,10/6/2020,10/6/2020,10/6/2020,10/6/2020,10/6/2020,10/6/2020,10/6/2020,10/6/2020,10/6/2020,10/6/2020,10/6/2020,10/6/2020,10/6/2020,10/6/2020,10/6/2020,10/6/2020,10/6/2020,10/6/2020,10/6/2020,10/6/2020,10/6/2020,10/6/2020,10/6/2020,10/6/2020,10/6/2020,10/6/2020,10/6/2020,10/6/2020
Pred_Model_56,10/6/2020,10/6/2020,10/6/2020,10/6/2020,10/6/2020,10/6/2020,10/6/2020,10/6/2020,10/6/2020,10/6/2020,10/6/2020,10/6/2020,10/6/2020,10/6/2020,10/6/2020,10/6/2020,10/6/2020,10/6/2020,10/6/2020,10/6/2020,10/6/2020,10/6/2020,10/6/2020,10/6/2020,10/6/2020,10/6/2020,10/6/2020,10/6/2020,10/6/2020,10/6/2020,10/6/2020,10/6/2020,10/6/2020,10/6/2020,10/6/2020,10/6/2020,10/6/2020,10/6/2020,10/6/2020,10/6/2020,10/6/2020,10/6/2020,10/6/2020,10/6/2020,10/6/2020,10/6/2020,10/6/2020,10/6/2020,10/6/2020,10/6/2020,10/6/2020,10/6/2020,10/6/2020,10/6/2020,10/6/2020,10/6/2020,10/6/2020,10/6/2020,10/6/2020,10/6/2020,10/6/2020,10/6/2020,10/6/2020,10/6/2020,10/6/2020,10/6/2020,10/6/2020
Pred_Model_57,10/6/2020,10/6/2020,10/6/2020,10/6/2020,10/6/2020,10/6/2020,10/6/2020,10/6/2020,10/6/2020,10/6/2020,10/6/2020,10/6/2020,10/6/2020,10/6/2020,10/6/2020,10/6/2020,10/6/2020,10/6/2020,10/6/2020,10/6/2020,10/6/2020,10/6/2020,10/6/2020,10/6/2020,10/6/2020,10/6/2020,10/6/2020,10/6/2020,10/6/2020,10/6/2020,10/6/2020,10/6/2020,10/6/2020,10/6/2020,10/6/2020,10/6/2020,10/6/2020,10/6/2020,10/6/2020,10/6/2020,10/6/2020,10/6/2020,10/6/2020,10/6/2020,10/6/2020,10/6/2020,10/6/2020,10/6/2020,10/6/2020,10/6/2020,10/6/2020,10/6/2020,10/6/2020,10/6/2020,10/6/2020,10/6/2020,10/6/2020,10/6/2020,10/6/2020,10/6/2020,10/6/2020,10/6/2020,10/6/2020,10/6/2020,10/6/2020,10/6/2020,10/6/2020
Pred_Model_58,10/6/2020,10/6/2020,10/6/2020,10/6/2020,10/6/2020,10/6/2020,10/6/2020,10/6/2020,10/6/2020,10/6/2020,10/6/2020,10/6/2020,10/6/2020,10/6/2020,10/6/2020,10/6/2020,10/6/2020,10/6/2020,10/6/2020,10/6/2020,10/6/2020,10/6/2020,10/6/2020,10/6/2020,10/6/2020,10/6/2020,,10/6/2020,10/6/2020,10/6/2020,10/6/2020,10/6/2020,10/6/2020,10/6/2020,10/6/2020,10/6/2020,10/6/2020,10/6/2020,10/6/2020,10/6/2020,10/6/2020,10/6/2020,10/6/2020,10/6/2020,10/6/2020,10/6/2020,10/6/2020,10/6/2020,10/6/2020,10/6/2020,10/6/2020,10/6/2020,10/6/2020,10/6/2020,10/6/2020,10/6/2020,10/6/2020,10/6/2020,10/6/2020,10/6/2020,10/6/2020,10/6/2020,10/6/2020,10/6/2020,10/6/2020,10/6/2020,10/6/2020
Pred_Model_59,10/6/2020,10/6/2020,10/6/2020,10/6/2020,10/6/2020,10/6/2020,10/6/2020,10/6/2020,10/6/2020,10/6/2020,10/6/2020,10/6/2020,10/6/2020,10/6/2020,10/6/2020,10/6/2020,10/6/2020,10/6/2020,10/6/2020,10/6/2020,10/6/2020,10/6/2020,10/6/2020,10/6/2020,10/6/2020,10/6/2020,10/6/2020,10/6/2020,10/6/2020,10/6/2020,10/6/2020,10/6/2020,10/6/2020,10/6/2020,10/6/2020,10/6/2020,10/6/2020,10/6/2020,10/6/2020,10/6/2020,10/6/2020,10/6/2020,10/6/2020,10/6/2020,10/6/2020,10/6/2020,10/6/2020,10/6/2020,10/6/2020,10/6/2020,10/6/2020,10/6/2020,10/6/2020,10/6/2020,10/6/2020,10/6/2020,10/6/2020,10/6/2020,10/6/2020,10/6/2020,10/6/2020,10/6/2020,10/6/2020,10/6/2020,10/6/2020,10/6/2020,10/6/2020
Pred_Model_60,10/6/2020,10/6/2020,10/6/2020,10/6/2020,10/6/2020,10/6/2020,10/6/2020,10/6/2020,10/6/2020,10/6/2020,10/6/2020,10/6/2020,10/6/2020,10/6/2020,10/6/2020,10/6/2020,10/6/2020,10/6/2020,10/6/2020,10/6/2020,10/6/2020,10/6/2020,10/6/2020,10/6/2020,10/6/2020,10/6/2020,10/6/2020,10/6/2020,10/6/2020,10/6/2020,10/6/2020,10/6/2020,10/6/2020,10/6/2020,10/6/2020,10/6/2020,10/6/2020,10/6/2020,10/6/2020,10/6/2020,10/6/2020,10/6/2020,10/6/2020,10/6/2020,10/6/2020,10/6/2020,10/6/2020,10/6/2020,10/6/2020,10/6/2020,10/6/2020,10/6/2020,10/6/2020,10/6/2020,10/6/2020,10/6/2020,10/6/2020,10/6/2020,10/6/2020,10/6/2020,10/6/2020,10/6/2020,10/6/2020,10/6/2020,10/6/2020,10/6/2020,10/6/2020
Pred_Model_61,10/6/2020,10/6/2020,10/6/2020,10/6/2020,10/6/2020,10/6/2020,10/6/2020,10/6/2020,10/6/2020,10/6/2020,10/6/2020,10/6/2020,10/6/2020,10/6/2020,10/6/2020,10/6/2020,10/6/2020,10/6/2020,10/6/2020,10/6/2020,10/6/2020,10/6/2020,10/6/2020,10/6/2020,10/6/2020,10/6/2020,10/6/2020,10/6/2020,10/6/2020,10/6/2020,10/6/2020,10/6/2020,10/6/2020,10/6/2020,10/6/2020,10/6/2020,10/6/2020,10/6/2020,10/6/2020,10/6/2020,10/6/2020,10/6/2020,10/6/2020,10/6/2020,10/6/2020,10/6/2020,10/6/2020,10/6/2020,10/6/2020,10/6/2020,10/6/2020,10/6/2020,10/6/2020,10/6/2020,10/6/2020,10/6/2020,10/6/2020,10/6/2020,10/6/2020,10/6/2020,10/6/2020,10/6/2020,10/6/2020,10/6/2020,10/6/2020,10/6/2020,10/6/2020
